-- MySQL dump 10.13  Distrib 8.0.41, for Win64 (x86_64)
--
-- Host: localhost    Database: restaurantedb
-- ------------------------------------------------------
-- Server version	8.0.41

/*!40101 SET @OLD_CHARACTER_SET_CLIENT=@@CHARACTER_SET_CLIENT */;
/*!40101 SET @OLD_CHARACTER_SET_RESULTS=@@CHARACTER_SET_RESULTS */;
/*!40101 SET @OLD_COLLATION_CONNECTION=@@COLLATION_CONNECTION */;
/*!50503 SET NAMES utf8 */;
/*!40103 SET @OLD_TIME_ZONE=@@TIME_ZONE */;
/*!40103 SET TIME_ZONE='+00:00' */;
/*!40014 SET @OLD_UNIQUE_CHECKS=@@UNIQUE_CHECKS, UNIQUE_CHECKS=0 */;
/*!40014 SET @OLD_FOREIGN_KEY_CHECKS=@@FOREIGN_KEY_CHECKS, FOREIGN_KEY_CHECKS=0 */;
/*!40101 SET @OLD_SQL_MODE=@@SQL_MODE, SQL_MODE='NO_AUTO_VALUE_ON_ZERO' */;
/*!40111 SET @OLD_SQL_NOTES=@@SQL_NOTES, SQL_NOTES=0 */;

--
-- Table structure for table `clientes`
--

DROP TABLE IF EXISTS `clientes`;
/*!40101 SET @saved_cs_client     = @@character_set_client */;
/*!50503 SET character_set_client = utf8mb4 */;
CREATE TABLE `clientes` (
  `id_cliente` int NOT NULL AUTO_INCREMENT,
  `nombre` varchar(100) NOT NULL,
  `telefono` varchar(15) NOT NULL,
  `direccion` text,
  PRIMARY KEY (`id_cliente`),
  UNIQUE KEY `telefono` (`telefono`)
) ENGINE=InnoDB AUTO_INCREMENT=5 DEFAULT CHARSET=utf8mb4 COLLATE=utf8mb4_0900_ai_ci;
/*!40101 SET character_set_client = @saved_cs_client */;

--
-- Dumping data for table `clientes`
--

LOCK TABLES `clientes` WRITE;
/*!40000 ALTER TABLE `clientes` DISABLE KEYS */;
INSERT INTO `clientes` VALUES (1,'Juan Pérez','123456789','Av. Principal 123'),(2,'María López','987654321','Calle Secundaria 456'),(3,'Carlos Gómez','555666777','Plaza Central 789'),(4,'Ana Torres','111222333','Boulevard 321');
/*!40000 ALTER TABLE `clientes` ENABLE KEYS */;
UNLOCK TABLES;

--
-- Table structure for table `detalle_pedido`
--

DROP TABLE IF EXISTS `detalle_pedido`;
/*!40101 SET @saved_cs_client     = @@character_set_client */;
/*!50503 SET character_set_client = utf8mb4 */;
CREATE TABLE `detalle_pedido` (
  `id_detalle` int NOT NULL AUTO_INCREMENT,
  `id_pedido` int NOT NULL,
  `id_producto` int NOT NULL,
  `cantidad` int NOT NULL,
  `subtotal` decimal(10,2) NOT NULL,
  PRIMARY KEY (`id_detalle`),
  KEY `id_pedido` (`id_pedido`),
  KEY `id_producto` (`id_producto`),
  CONSTRAINT `detalle_pedido_ibfk_1` FOREIGN KEY (`id_pedido`) REFERENCES `pedidos` (`id_pedido`) ON DELETE CASCADE,
  CONSTRAINT `detalle_pedido_ibfk_2` FOREIGN KEY (`id_producto`) REFERENCES `productos` (`id_producto`) ON DELETE CASCADE
) ENGINE=InnoDB AUTO_INCREMENT=16 DEFAULT CHARSET=utf8mb4 COLLATE=utf8mb4_0900_ai_ci;
/*!40101 SET character_set_client = @saved_cs_client */;

--
-- Dumping data for table `detalle_pedido`
--

LOCK TABLES `detalle_pedido` WRITE;
/*!40000 ALTER TABLE `detalle_pedido` DISABLE KEYS */;
INSERT INTO `detalle_pedido` VALUES (1,1,1,1,5.99),(2,1,3,1,1.50),(3,2,2,2,5.00),(4,3,4,2,15.98),(5,4,1,2,11.98),(6,5,1,2,11.98),(7,5,2,3,7.50),(8,5,1,4,23.96),(9,5,1,4,23.96),(10,5,3,2,3.00),(11,2,4,1,7.99),(12,5,5,1,2.00),(13,5,2,0,0.00),(14,5,2,0,0.00);
/*!40000 ALTER TABLE `detalle_pedido` ENABLE KEYS */;
UNLOCK TABLES;

--
-- Table structure for table `pedidos`
--

DROP TABLE IF EXISTS `pedidos`;
/*!40101 SET @saved_cs_client     = @@character_set_client */;
/*!50503 SET character_set_client = utf8mb4 */;
CREATE TABLE `pedidos` (
  `id_pedido` int NOT NULL AUTO_INCREMENT,
  `id_cliente` int NOT NULL,
  `fecha_pedido` timestamp NULL DEFAULT CURRENT_TIMESTAMP,
  `estado` enum('pendiente','en preparación','entregado') DEFAULT 'pendiente',
  `total` decimal(10,2) NOT NULL,
  `hora_pedido` time NOT NULL,
  PRIMARY KEY (`id_pedido`),
  KEY `id_cliente` (`id_cliente`),
  CONSTRAINT `pedidos_ibfk_1` FOREIGN KEY (`id_cliente`) REFERENCES `clientes` (`id_cliente`) ON DELETE CASCADE
) ENGINE=InnoDB AUTO_INCREMENT=9 DEFAULT CHARSET=utf8mb4 COLLATE=utf8mb4_0900_ai_ci;
/*!40101 SET character_set_client = @saved_cs_client */;

--
-- Dumping data for table `pedidos`
--

LOCK TABLES `pedidos` WRITE;
/*!40000 ALTER TABLE `pedidos` DISABLE KEYS */;
INSERT INTO `pedidos` VALUES (1,1,'2025-02-18 08:08:15','pendiente',10.99,'09:14:39'),(2,2,'2025-02-18 08:08:15','en preparación',12.99,'09:14:39'),(3,3,'2025-02-18 08:08:15','entregado',15.98,'09:14:39'),(4,4,'2025-02-18 08:08:15','pendiente',11.98,'09:14:39'),(5,3,'2025-02-18 23:00:00','pendiente',72.40,'17:01:19'),(7,2,'2025-02-18 23:00:00','pendiente',0.00,'23:22:31');
/*!40000 ALTER TABLE `pedidos` ENABLE KEYS */;
UNLOCK TABLES;

--
-- Table structure for table `productos`
--

DROP TABLE IF EXISTS `productos`;
/*!40101 SET @saved_cs_client     = @@character_set_client */;
/*!50503 SET character_set_client = utf8mb4 */;
CREATE TABLE `productos` (
  `id_producto` int NOT NULL AUTO_INCREMENT,
  `nombre` varchar(100) NOT NULL,
  `categoria` varchar(50) NOT NULL,
  `precio` decimal(10,2) NOT NULL,
  `disponibilidad` int DEFAULT NULL,
  PRIMARY KEY (`id_producto`)
) ENGINE=InnoDB AUTO_INCREMENT=6 DEFAULT CHARSET=utf8mb4 COLLATE=utf8mb4_0900_ai_ci;
/*!40101 SET character_set_client = @saved_cs_client */;

--
-- Dumping data for table `productos`
--

LOCK TABLES `productos` WRITE;
/*!40000 ALTER TABLE `productos` DISABLE KEYS */;
INSERT INTO `productos` VALUES (1,'Hamburguesa Clásica','Comida',5.99,1),(2,'Papas Fritas','Comida',2.50,1),(3,'Refresco','Bebida',1.50,1),(4,'Pizza Margarita','Comida',7.99,1),(5,'Café Americano','Bebida',2.00,1);
/*!40000 ALTER TABLE `productos` ENABLE KEYS */;
UNLOCK TABLES;
/*!40103 SET TIME_ZONE=@OLD_TIME_ZONE */;

/*!40101 SET SQL_MODE=@OLD_SQL_MODE */;
/*!40014 SET FOREIGN_KEY_CHECKS=@OLD_FOREIGN_KEY_CHECKS */;
/*!40014 SET UNIQUE_CHECKS=@OLD_UNIQUE_CHECKS */;
/*!40101 SET CHARACTER_SET_CLIENT=@OLD_CHARACTER_SET_CLIENT */;
/*!40101 SET CHARACTER_SET_RESULTS=@OLD_CHARACTER_SET_RESULTS */;
/*!40101 SET COLLATION_CONNECTION=@OLD_COLLATION_CONNECTION */;
/*!40111 SET SQL_NOTES=@OLD_SQL_NOTES */;

-- Dump completed on 2025-02-24 15:11:08
